{"model":"{\"nodes\":[{\"data\":{\"id\":\"887592cc-c3c1-4555-b76f-f20105c3c576\",\"label\":\"x1\",\"width\":80,\"height\":80},\"position\":{\"x\":-100,\"y\":500},\"group\":\"nodes\",\"removed\":false,\"selected\":false,\"selectable\":true,\"locked\":false,\"grabbable\":true,\"pannable\":false,\"classes\":\"observed-variable continous\"},{\"data\":{\"id\":\"2b228ccd-daf1-490c-997b-5d8b5d8f42c8\",\"label\":\"x2\",\"width\":80,\"height\":80},\"position\":{\"x\":25,\"y\":500},\"group\":\"nodes\",\"removed\":false,\"selected\":false,\"selectable\":true,\"locked\":false,\"grabbable\":true,\"pannable\":false,\"classes\":\"observed-variable continous\"},{\"data\":{\"id\":\"78664b9d-7774-4f2e-a65d-fede56c06916\",\"label\":\"x3\",\"width\":80,\"height\":80},\"position\":{\"x\":150,\"y\":500},\"group\":\"nodes\",\"removed\":false,\"selected\":false,\"selectable\":true,\"locked\":false,\"grabbable\":true,\"pannable\":false,\"classes\":\"observed-variable continous\"},{\"data\":{\"id\":\"bd7afb9b-6ef0-4114-8013-f2cf09d7ecaa\",\"label\":\"x4\",\"width\":80,\"height\":80},\"position\":{\"x\":275,\"y\":500},\"group\":\"nodes\",\"removed\":false,\"selected\":false,\"selectable\":true,\"locked\":false,\"grabbable\":true,\"pannable\":false,\"classes\":\"observed-variable continous\"},{\"data\":{\"id\":\"aed40a1d-8e9c-44cc-83db-77c1c9231e55\",\"label\":\"x5\",\"width\":80,\"height\":80},\"position\":{\"x\":400,\"y\":500},\"group\":\"nodes\",\"removed\":false,\"selected\":false,\"selectable\":true,\"locked\":false,\"grabbable\":true,\"pannable\":false,\"classes\":\"observed-variable continous\"},{\"data\":{\"id\":\"796db6fb-f667-43fa-a9c4-515bfb872971\",\"label\":\"x6\",\"width\":80,\"height\":80},\"position\":{\"x\":525,\"y\":500},\"group\":\"nodes\",\"removed\":false,\"selected\":false,\"selectable\":true,\"locked\":false,\"grabbable\":true,\"pannable\":false,\"classes\":\"observed-variable continous\"},{\"data\":{\"id\":\"b61a170d-a916-44ed-9a86-83fb5b86af43\",\"label\":\"x7\",\"width\":80,\"height\":80},\"position\":{\"x\":650,\"y\":500},\"group\":\"nodes\",\"removed\":false,\"selected\":false,\"selectable\":true,\"locked\":false,\"grabbable\":true,\"pannable\":false,\"classes\":\"observed-variable continous\"},{\"data\":{\"id\":\"8e1f2e6d-f901-4b90-9f5e-c5eaef9d5420\",\"label\":\"x8\",\"width\":80,\"height\":80},\"position\":{\"x\":775,\"y\":500},\"group\":\"nodes\",\"removed\":false,\"selected\":false,\"selectable\":true,\"locked\":false,\"grabbable\":true,\"pannable\":false,\"classes\":\"observed-variable continous\"},{\"data\":{\"id\":\"25ae4844-55da-489d-a532-c7b098d465bb\",\"label\":\"x9\",\"width\":80,\"height\":80},\"position\":{\"x\":900,\"y\":500},\"group\":\"nodes\",\"removed\":false,\"selected\":false,\"selectable\":true,\"locked\":false,\"grabbable\":true,\"pannable\":false,\"classes\":\"observed-variable continous\"},{\"data\":{\"id\":\"31f8a043-d13e-457f-a1a9-6105e44d26d7\",\"label\":\"visual\",\"width\":80,\"height\":80},\"position\":{\"x\":150,\"y\":300},\"group\":\"nodes\",\"removed\":false,\"selected\":false,\"selectable\":true,\"locked\":false,\"grabbable\":true,\"pannable\":false,\"classes\":\"latent-variable continous\"},{\"data\":{\"id\":\"c2276df7-700c-411b-be9b-9a6132310155\",\"label\":\"textual\",\"width\":80,\"height\":80},\"position\":{\"x\":400,\"y\":300},\"group\":\"nodes\",\"removed\":false,\"selected\":false,\"selectable\":true,\"locked\":false,\"grabbable\":true,\"pannable\":false,\"classes\":\"latent-variable continous\"},{\"data\":{\"id\":\"6ca3f057-40d8-4fa4-9c67-dbe74212f4a2\",\"label\":\"speed\",\"width\":80,\"height\":80},\"position\":{\"x\":650,\"y\":300},\"group\":\"nodes\",\"removed\":false,\"selected\":false,\"selectable\":true,\"locked\":false,\"grabbable\":true,\"pannable\":false,\"classes\":\"latent-variable continous\"}],\"edges\":[{\"data\":{\"source\":\"31f8a043-d13e-457f-a1a9-6105e44d26d7\",\"target\":\"887592cc-c3c1-4555-b76f-f20105c3c576\",\"id\":\"fd80da91-0091-459b-aa9e-af05be51ee2d\",\"value\":1},\"position\":{\"x\":0,\"y\":0},\"group\":\"edges\",\"removed\":false,\"selected\":false,\"selectable\":true,\"locked\":false,\"grabbable\":true,\"pannable\":true,\"classes\":\"directed nolabel fromUser fixed\"},{\"data\":{\"source\":\"31f8a043-d13e-457f-a1a9-6105e44d26d7\",\"target\":\"2b228ccd-daf1-490c-997b-5d8b5d8f42c8\",\"id\":\"08b51e48-3d61-4eba-957b-f08194e0a0ef\"},\"position\":{\"x\":0,\"y\":0},\"group\":\"edges\",\"removed\":false,\"selected\":false,\"selectable\":true,\"locked\":false,\"grabbable\":true,\"pannable\":true,\"classes\":\"directed nolabel fromUser free\"},{\"data\":{\"source\":\"31f8a043-d13e-457f-a1a9-6105e44d26d7\",\"target\":\"78664b9d-7774-4f2e-a65d-fede56c06916\",\"id\":\"02d391f8-d847-4db3-8550-2685db22c968\"},\"position\":{\"x\":0,\"y\":0},\"group\":\"edges\",\"removed\":false,\"selected\":false,\"selectable\":true,\"locked\":false,\"grabbable\":true,\"pannable\":true,\"classes\":\"directed nolabel fromUser free\"},{\"data\":{\"source\":\"c2276df7-700c-411b-be9b-9a6132310155\",\"target\":\"bd7afb9b-6ef0-4114-8013-f2cf09d7ecaa\",\"id\":\"316e9715-50c2-4e1a-bd85-5bc9a454fc08\",\"value\":1},\"position\":{\"x\":0,\"y\":0},\"group\":\"edges\",\"removed\":false,\"selected\":false,\"selectable\":true,\"locked\":false,\"grabbable\":true,\"pannable\":true,\"classes\":\"directed nolabel fromUser fixed\"},{\"data\":{\"source\":\"c2276df7-700c-411b-be9b-9a6132310155\",\"target\":\"aed40a1d-8e9c-44cc-83db-77c1c9231e55\",\"id\":\"938d7be3-c249-4c99-8bed-4cef6670a5fe\"},\"position\":{\"x\":0,\"y\":0},\"group\":\"edges\",\"removed\":false,\"selected\":false,\"selectable\":true,\"locked\":false,\"grabbable\":true,\"pannable\":true,\"classes\":\"directed nolabel fromUser free\"},{\"data\":{\"source\":\"c2276df7-700c-411b-be9b-9a6132310155\",\"target\":\"796db6fb-f667-43fa-a9c4-515bfb872971\",\"id\":\"7f8fd897-520c-40b6-a12a-885563a2136b\"},\"position\":{\"x\":0,\"y\":0},\"group\":\"edges\",\"removed\":false,\"selected\":false,\"selectable\":true,\"locked\":false,\"grabbable\":true,\"pannable\":true,\"classes\":\"directed nolabel fromUser free\"},{\"data\":{\"source\":\"6ca3f057-40d8-4fa4-9c67-dbe74212f4a2\",\"target\":\"b61a170d-a916-44ed-9a86-83fb5b86af43\",\"id\":\"146bfe43-031c-4d54-8753-e615cb066e92\",\"value\":1},\"position\":{\"x\":0,\"y\":0},\"group\":\"edges\",\"removed\":false,\"selected\":false,\"selectable\":true,\"locked\":false,\"grabbable\":true,\"pannable\":true,\"classes\":\"directed nolabel fromUser fixed\"},{\"data\":{\"source\":\"6ca3f057-40d8-4fa4-9c67-dbe74212f4a2\",\"target\":\"8e1f2e6d-f901-4b90-9f5e-c5eaef9d5420\",\"id\":\"36f70d27-f8a2-4a7f-ac16-db0f8495ad6e\"},\"position\":{\"x\":0,\"y\":0},\"group\":\"edges\",\"removed\":false,\"selected\":false,\"selectable\":true,\"locked\":false,\"grabbable\":true,\"pannable\":true,\"classes\":\"directed nolabel fromUser free\"},{\"data\":{\"source\":\"6ca3f057-40d8-4fa4-9c67-dbe74212f4a2\",\"target\":\"25ae4844-55da-489d-a532-c7b098d465bb\",\"id\":\"f6ee2f23-057c-4c80-819b-9edf23733b0c\"},\"position\":{\"x\":0,\"y\":0},\"group\":\"edges\",\"removed\":false,\"selected\":false,\"selectable\":true,\"locked\":false,\"grabbable\":true,\"pannable\":true,\"classes\":\"directed nolabel fromUser free\"}]}","modelOpt":"{\"meanStruc\":\"default\",\"intOvFree\":true,\"intLvFree\":false,\"estimator\":\"default\",\"se\":\"default\",\"missing\":\"listwise\",\"n_boot\":1000,\"fix_first\":false,\"fix_single\":true,\"auto_var\":true,\"auto_cov_lv_x\":true,\"auto_cov_y\":true,\"fixed_x\":true,\"mode\":\"user model\"}","gridViewOpt":"{\"meanStruc\":\"default\",\"intOvFree\":true,\"intLvFree\":false,\"estimator\":\"default\",\"se\":\"default\",\"missing\":\"listwise\",\"n_boot\":1000,\"fix_first\":false,\"fix_single\":true,\"auto_var\":true,\"auto_cov_lv_x\":true,\"auto_cov_y\":true,\"fixed_x\":true,\"mode\":\"user model\"}","fitCache":"{\"lastFitModel\":null,\"lastFitLavFit\":null,\"lastFitData\":null}"}
