{"elements":{"nodes":[{"data":{"id":"node0","label":"x1"},"position":{"x":35.21958666059818,"y":598.7688193098118},"group":"nodes","removed":false,"selected":false,"selectable":true,"locked":false,"grabbable":true,"pannable":false,"classes":"observed-variable"},{"data":{"id":"node1","label":"x2"},"position":{"x":148.5159063932657,"y":602.5054457228574},"group":"nodes","removed":false,"selected":false,"selectable":true,"locked":false,"grabbable":true,"pannable":false,"classes":"observed-variable"},{"data":{"id":"node2","label":"x3"},"position":{"x":261.4388913767274,"y":601.7096664870485},"group":"nodes","removed":false,"selected":false,"selectable":true,"locked":false,"grabbable":true,"pannable":false,"classes":"observed-variable"},{"data":{"id":"node3","label":"x4"},"position":{"x":366.8703745402906,"y":598.7307298291263},"group":"nodes","removed":false,"selected":false,"selectable":true,"locked":false,"grabbable":true,"pannable":false,"classes":"observed-variable"},{"data":{"id":"node4","label":"x5"},"position":{"x":471.0359574552374,"y":598.7527385289475},"group":"nodes","removed":false,"selected":false,"selectable":true,"locked":false,"grabbable":true,"pannable":false,"classes":"observed-variable"},{"data":{"id":"node5","label":"x6"},"position":{"x":568.8513604800955,"y":599.8413412286409},"group":"nodes","removed":false,"selected":false,"selectable":true,"locked":false,"grabbable":true,"pannable":false,"classes":"observed-variable"},{"data":{"id":"node6","label":"x7"},"position":{"x":662.4714789097076,"y":601.2067061432041},"group":"nodes","removed":false,"selected":false,"selectable":true,"locked":false,"grabbable":true,"pannable":false,"classes":"observed-variable"},{"data":{"id":"node7","label":"x8"},"position":{"x":764.6332327889339,"y":601.3324020989517},"group":"nodes","removed":false,"selected":false,"selectable":true,"locked":false,"grabbable":true,"pannable":false,"classes":"observed-variable"},{"data":{"id":"node8","label":"x9"},"position":{"x":873.7371012210382,"y":599.0109541157904},"group":"nodes","removed":false,"selected":false,"selectable":true,"locked":false,"grabbable":true,"pannable":false,"classes":"observed-variable"},{"data":{"id":"node9","label":"visual"},"position":{"x":204,"y":280},"group":"nodes","removed":false,"selected":false,"selectable":true,"locked":false,"grabbable":true,"pannable":false,"classes":"latent-variable"},{"data":{"id":"node10","label":"textual"},"position":{"x":505.2472614710523,"y":282.6916970263264},"group":"nodes","removed":false,"selected":false,"selectable":true,"locked":false,"grabbable":true,"pannable":false,"classes":"latent-variable"},{"data":{"id":"node11","label":"speed"},"position":{"x":724.9285960297099,"y":284.2590927293058},"group":"nodes","removed":false,"selected":false,"selectable":true,"locked":false,"grabbable":true,"pannable":false,"classes":"latent-variable"}],"edges":[{"data":{"source":"node11","target":"node8","id":"9582858d-9c4d-4b74-badc-92c5ce8b223d","isMean":"0"},"position":{"x":0,"y":0},"group":"edges","removed":false,"selected":false,"selectable":true,"locked":false,"grabbable":true,"pannable":true,"classes":"free nolabel directed"},{"data":{"source":"node11","target":"node7","id":"b8fb0598-2ffb-40a4-80a2-c85da50a79b0","isMean":"0"},"position":{"x":0,"y":0},"group":"edges","removed":false,"selected":false,"selectable":true,"locked":false,"grabbable":true,"pannable":true,"classes":"free nolabel directed"},{"data":{"source":"node11","target":"node6","id":"fbe3203c-0d9d-463f-ad91-31566774ccbc","isMean":"0"},"position":{"x":0,"y":0},"group":"edges","removed":false,"selected":false,"selectable":true,"locked":false,"grabbable":true,"pannable":true,"classes":"free nolabel directed"},{"data":{"source":"node10","target":"node5","id":"c6be4760-ed9a-4540-b4f9-112f2f15260b","isMean":"0"},"position":{"x":0,"y":0},"group":"edges","removed":false,"selected":false,"selectable":true,"locked":false,"grabbable":true,"pannable":true,"classes":"free nolabel directed"},{"data":{"source":"node10","target":"node4","id":"e211a630-31fc-4ba2-986f-7e5fab263082","isMean":"0"},"position":{"x":0,"y":0},"group":"edges","removed":false,"selected":false,"selectable":true,"locked":false,"grabbable":true,"pannable":true,"classes":"free nolabel directed"},{"data":{"source":"node10","target":"node3","id":"050e5cad-d2eb-4f94-b13d-80c5612449aa","isMean":"0"},"position":{"x":0,"y":0},"group":"edges","removed":false,"selected":false,"selectable":true,"locked":false,"grabbable":true,"pannable":true,"classes":"free nolabel directed"},{"data":{"source":"node9","target":"node2","id":"9edc39ad-b74f-4922-b122-6d060d6625d9","isMean":"0"},"position":{"x":0,"y":0},"group":"edges","removed":false,"selected":false,"selectable":true,"locked":false,"grabbable":true,"pannable":true,"classes":"free nolabel directed"},{"data":{"source":"node9","target":"node1","id":"475dead4-3077-43d2-ae80-5ebfdfa6e37a","isMean":"0"},"position":{"x":0,"y":0},"group":"edges","removed":false,"selected":false,"selectable":true,"locked":false,"grabbable":true,"pannable":true,"classes":"free nolabel directed"},{"data":{"source":"node9","target":"node0","id":"68f45567-6906-4460-960d-009703380c4c","isMean":"0"},"position":{"x":0,"y":0},"group":"edges","removed":false,"selected":false,"selectable":true,"locked":false,"grabbable":true,"pannable":true,"classes":"free nolabel directed"},{"data":{"source":"node11","target":"node9","id":"7a57292b-894e-4864-94fc-ecaa7699878d","isMean":"0"},"position":{"x":0,"y":0},"group":"edges","removed":false,"selected":false,"selectable":true,"locked":false,"grabbable":true,"pannable":true,"classes":"free nolabel undirected"},{"data":{"source":"node10","target":"node11","id":"e36c39ad-0455-45da-8c7c-5fc63a9d2f1c","isMean":"0"},"position":{"x":0,"y":0},"group":"edges","removed":false,"selected":false,"selectable":true,"locked":false,"grabbable":true,"pannable":true,"classes":"free nolabel undirected"},{"data":{"source":"node9","target":"node10","id":"63b983ef-4f55-4aca-a2c0-a69c561a5194","isMean":"0"},"position":{"x":0,"y":0},"group":"edges","removed":false,"selected":false,"selectable":true,"locked":false,"grabbable":true,"pannable":true,"classes":"free nolabel undirected"}]},"style":[{"selector":"node","style":{"width":"80px","height":"80px","background-color":"rgb(255,255,255)","border-color":"rgb(128,128,128)","border-width":"2px","label":"data(label)","text-valign":"center","text-halign":"center"}},{"selector":"node.observed-variable","style":{"shape":"rectangle"}},{"selector":"node.latent-variable","style":{"shape":"ellipse","border-color":"rgb(0,0,0)"}},{"selector":"node.constant","style":{"shape":"triangle","label":"1","text-valign":"center","text-margin-y":"10px","border-color":"rgb(0,0,0)"}},{"selector":"node.linked","style":{"border-color":"rgb(0,0,0)"}},{"selector":"edge","style":{"width":"3px","line-color":"rgb(0,0,0)","target-arrow-color":"rgb(0,0,0)","source-arrow-color":"rgb(0,0,0)","target-arrow-shape":"triangle","curve-style":"bezier","text-valign":"center","text-halign":"center","text-wrap":"wrap","text-max-width":"80px","font-size":"14px","z-index":"10","color":"rgb(0,0,0)","text-outline-color":"rgb(255,255,255)","text-outline-width":"2px","text-background-color":"rgb(255,255,255)","text-background-opacity":"1","text-background-padding":"4px"}},{"selector":"edge.loop","style":{"curve-style":"bezier","loop-direction":"0rad","loop-sweep":"1rad","target-arrow-shape":"triangle","source-arrow-shape":"triangle","target-arrow-fill":"filled","source-arrow-fill":"filled","target-arrow-color":"rgb(0,0,0)","source-arrow-color":"rgb(0,0,0)","control-point-step-size":"50px"}},{"selector":"edge.undirected","style":{"curve-style":"unbundled-bezier","control-point-distances":"-100px","control-point-weights":"0.5","target-arrow-shape":"triangle","source-arrow-shape":"triangle"}},{"selector":"edge.free.label, edge.forcefree.label","style":{"label":"fn"}},{"selector":"edge.fixed.label","style":{"label":"fn"}},{"selector":"edge.fixed.nolabel","style":{"label":"fn"}},{"selector":"edge.hasEst.free.nolabel, edge.hasEst.forcefree.nolabel","style":{"label":"fn"}},{"selector":"edge.hasEst.free.label, edge.hasEst.forcefree.label","style":{"label":"fn"}},{"selector":"edge.forcefree","style":{"line-color":"rgb(0,0,255)"}},{"selector":"edge.fromLav","style":{"line-color":"rgb(0,128,0)"}},{"selector":"edge:selected","style":{"line-color":"rgb(255,0,0)","target-arrow-color":"rgb(255,0,0)","source-arrow-color":"rgb(255,0,0)"}},{"selector":"node:selected","style":{"border-color":"rgb(255,0,0)"}}],"data":{},"zoomingEnabled":true,"userZoomingEnabled":true,"zoom":0.8016672474530748,"minZoom":1e-50,"maxZoom":1e+50,"panningEnabled":true,"userPanningEnabled":true,"pan":{"x":93.78751332022668,"y":-79.98774841958654},"boxSelectionEnabled":true,"renderer":{"name":"null"}}
