{"elements":{"nodes":[{"data":{"id":"node2","label":"x1"},"position":{"x":377.8975051867084,"y":72.89312972062743},"group":"nodes","removed":false,"selected":false,"selectable":true,"locked":false,"grabbable":true,"pannable":false,"classes":"observed-variable"},{"data":{"id":"node3","label":"x2"},"position":{"x":541.1132994807256,"y":72.29806517976274},"group":"nodes","removed":false,"selected":false,"selectable":true,"locked":false,"grabbable":true,"pannable":false,"classes":"observed-variable"},{"data":{"id":"node4","label":"x3"},"position":{"x":670.2325255526305,"y":74.05961303595255},"group":"nodes","removed":false,"selected":false,"selectable":true,"locked":false,"grabbable":true,"pannable":false,"classes":"observed-variable"},{"data":{"id":"node5","label":"y1"},"position":{"x":72.4182763083052,"y":76.20147250232642},"group":"nodes","removed":false,"selected":false,"selectable":true,"locked":false,"grabbable":true,"pannable":false,"classes":"observed-variable"},{"data":{"id":"node6","label":"y2"},"position":{"x":75.71560522815521,"y":201.05086731567687},"group":"nodes","removed":false,"selected":false,"selectable":true,"locked":false,"grabbable":true,"pannable":false,"classes":"observed-variable"},{"data":{"id":"node7","label":"y3"},"position":{"x":86.77654554129641,"y":306.73170313946235},"group":"nodes","removed":false,"selected":false,"selectable":true,"locked":false,"grabbable":true,"pannable":false,"classes":"observed-variable"},{"data":{"id":"node8","label":"y4"},"position":{"x":91.79045185836091,"y":415.64103430269245},"group":"nodes","removed":false,"selected":false,"selectable":true,"locked":false,"grabbable":true,"pannable":false,"classes":"observed-variable"},{"data":{"id":"node9","label":"y5"},"position":{"x":78.49265971715667,"y":543.5538332732599},"group":"nodes","removed":false,"selected":false,"selectable":true,"locked":false,"grabbable":true,"pannable":false,"classes":"observed-variable"},{"data":{"id":"node10","label":"y6"},"position":{"x":78.83962776885639,"y":656.2050022764545},"group":"nodes","removed":false,"selected":false,"selectable":true,"locked":false,"grabbable":true,"pannable":false,"classes":"observed-variable"},{"data":{"id":"node11","label":"y7"},"position":{"x":74.92394976212633,"y":758.8098744053158},"group":"nodes","removed":false,"selected":false,"selectable":true,"locked":false,"grabbable":true,"pannable":false,"classes":"observed-variable"},{"data":{"id":"node12","label":"y8"},"position":{"x":67.27752274020011,"y":880.5436985727581},"group":"nodes","removed":false,"selected":false,"selectable":true,"locked":false,"grabbable":true,"pannable":false,"classes":"observed-variable"},{"data":{"id":"node13","label":"dem60"},"position":{"x":315.2977847011678,"y":301.608037386306},"group":"nodes","removed":false,"selected":false,"selectable":true,"locked":false,"grabbable":true,"pannable":false,"classes":"latent-variable"},{"data":{"id":"node14","label":"ind60"},"position":{"x":583.8463212429592,"y":311.7261415438314},"group":"nodes","removed":false,"selected":false,"selectable":true,"locked":false,"grabbable":true,"pannable":false,"classes":"latent-variable"},{"data":{"id":"node15","label":"dem65"},"position":{"x":436.64130815820647,"y":731.735525493136},"group":"nodes","removed":false,"selected":false,"selectable":true,"locked":false,"grabbable":true,"pannable":false,"classes":"latent-variable"}],"edges":[{"data":{"id":"edge2","source":"node2","target":"node2","label":"","isMean":"0","est":"0.08","p_value":"0.00","se":"0.02"},"position":{"x":0,"y":0},"group":"edges","removed":false,"selected":false,"selectable":true,"locked":false,"grabbable":true,"pannable":true,"classes":"loop free nolabel hasEst"},{"data":{"id":"edge3","source":"node3","target":"node3","label":"","isMean":"0","est":"0.12","p_value":"0.09","se":"0.07"},"position":{"x":0,"y":0},"group":"edges","removed":false,"selected":false,"selectable":true,"locked":false,"grabbable":true,"pannable":true,"classes":"loop free nolabel hasEst"},{"data":{"id":"edge4","source":"node4","target":"node4","label":"","isMean":"0","est":"0.47","p_value":"0.00","se":"0.09"},"position":{"x":0,"y":0},"group":"edges","removed":false,"selected":false,"selectable":true,"locked":false,"grabbable":true,"pannable":true,"classes":"loop free nolabel hasEst"},{"data":{"id":"edge5","source":"node5","target":"node5","label":"","isMean":"0","est":"1.89","p_value":"0.00","se":"0.44"},"position":{"x":0,"y":0},"group":"edges","removed":false,"selected":false,"selectable":true,"locked":false,"grabbable":true,"pannable":true,"classes":"loop free nolabel hasEst"},{"data":{"id":"edge6","source":"node6","target":"node6","label":"","isMean":"0","est":"7.37","p_value":"0.00","se":"1.37"},"position":{"x":0,"y":0},"group":"edges","removed":false,"selected":false,"selectable":true,"locked":false,"grabbable":true,"pannable":true,"classes":"loop free nolabel hasEst"},{"data":{"id":"edge7","source":"node7","target":"node7","label":"","isMean":"0","est":"5.07","p_value":"0.00","se":"0.95"},"position":{"x":0,"y":0},"group":"edges","removed":false,"selected":false,"selectable":true,"locked":false,"grabbable":true,"pannable":true,"classes":"loop free nolabel hasEst"},{"data":{"id":"edge8","source":"node8","target":"node8","label":"","isMean":"0","est":"3.15","p_value":"0.00","se":"0.74"},"position":{"x":0,"y":0},"group":"edges","removed":false,"selected":false,"selectable":true,"locked":false,"grabbable":true,"pannable":true,"classes":"loop free nolabel hasEst"},{"data":{"id":"edge9","source":"node9","target":"node9","label":"","isMean":"0","est":"2.35","p_value":"0.00","se":"0.48"},"position":{"x":0,"y":0},"group":"edges","removed":false,"selected":false,"selectable":true,"locked":false,"grabbable":true,"pannable":true,"classes":"loop free nolabel hasEst"},{"data":{"id":"edge10","source":"node10","target":"node10","label":"","isMean":"0","est":"4.95","p_value":"0.00","se":"0.91"},"position":{"x":0,"y":0},"group":"edges","removed":false,"selected":false,"selectable":true,"locked":false,"grabbable":true,"pannable":true,"classes":"loop free nolabel hasEst"},{"data":{"id":"edge11","source":"node11","target":"node11","label":"","isMean":"0","est":"3.43","p_value":"0.00","se":"0.71"},"position":{"x":0,"y":0},"group":"edges","removed":false,"selected":false,"selectable":true,"locked":false,"grabbable":true,"pannable":true,"classes":"loop free nolabel hasEst"},{"data":{"id":"edge12","source":"node12","target":"node12","label":"","isMean":"0","est":"3.25","p_value":"0.00","se":"0.69"},"position":{"x":0,"y":0},"group":"edges","removed":false,"selected":false,"selectable":true,"locked":false,"grabbable":true,"pannable":true,"classes":"loop free nolabel hasEst"},{"data":{"id":"edge13","source":"node13","target":"node13","label":"","isMean":"0","est":"3.96","p_value":"0.00","se":"0.92"},"position":{"x":0,"y":0},"group":"edges","removed":false,"selected":false,"selectable":true,"locked":false,"grabbable":true,"pannable":true,"classes":"loop free nolabel hasEst"},{"data":{"id":"edge14","source":"node14","target":"node14","label":"","isMean":"0","est":"0.45","p_value":"0.00","se":"0.09"},"position":{"x":0,"y":0},"group":"edges","removed":false,"selected":false,"selectable":true,"locked":false,"grabbable":true,"pannable":true,"classes":"loop free nolabel hasEst"},{"data":{"id":"edge15","source":"node15","target":"node15","label":"","isMean":"0","est":"0.28","p_value":"0.42","se":"0.35"},"position":{"x":0,"y":0},"group":"edges","removed":false,"selected":false,"selectable":true,"locked":false,"grabbable":true,"pannable":true,"classes":"loop free nolabel hasEst"},{"data":{"source":"node14","target":"node13","id":"73a25cfa-9b94-45be-a0d6-2826cd3c2c36","isMean":"0","est":"1.48","p_value":"0.00","se":"0.40"},"position":{"x":0,"y":0},"group":"edges","removed":false,"selected":false,"selectable":true,"locked":false,"grabbable":true,"pannable":true,"classes":"free nolabel directed hasEst"},{"data":{"source":"node14","target":"node15","id":"5ef145e0-f475-439e-9905-02f1d495be7a","isMean":"0","est":"0.72","p_value":"0.01","se":"0.28"},"position":{"x":0,"y":0},"group":"edges","removed":false,"selected":false,"selectable":true,"locked":false,"grabbable":true,"pannable":true,"classes":"free nolabel directed hasEst"},{"data":{"source":"node13","target":"node15","id":"d146605f-fe9f-4283-9192-eb8845e4725a","isMean":"0","est":"1.06","p_value":"0.00","se":"0.14"},"position":{"x":0,"y":0},"group":"edges","removed":false,"selected":false,"selectable":true,"locked":false,"grabbable":true,"pannable":true,"classes":"free nolabel directed hasEst"},{"data":{"source":"node10","target":"node12","id":"00e698ae-e71a-412a-ad9e-709dfbeee3dd","isMean":"0","est":"1.36","p_value":"0.02","se":"0.57"},"position":{"x":0,"y":0},"group":"edges","removed":false,"selected":false,"selectable":true,"locked":false,"grabbable":true,"pannable":true,"classes":"free nolabel undirected hasEst"},{"data":{"source":"node14","target":"node3","id":"1aa91711-9a94-483e-b3df-e851cb14d4ae","isMean":"0","est":"2.18","p_value":"0.00","se":"0.14"},"position":{"x":0,"y":0},"group":"edges","removed":false,"selected":false,"selectable":true,"locked":false,"grabbable":true,"pannable":true,"classes":"nolabel directed forcefree hasEst"},{"data":{"source":"node14","target":"node4","id":"a58cbe37-7e4b-49f7-aa35-332bbefb5c3b","isMean":"0","est":"1.82","p_value":"0.00","se":"0.15"},"position":{"x":0,"y":0},"group":"edges","removed":false,"selected":false,"selectable":true,"locked":false,"grabbable":true,"pannable":true,"classes":"free nolabel directed hasEst"},{"data":{"source":"node13","target":"node5","id":"a17489dd-5697-48bf-90c3-3c84e307dda6","isMean":"0","value":1},"position":{"x":0,"y":0},"group":"edges","removed":false,"selected":false,"selectable":true,"locked":false,"grabbable":true,"pannable":true,"classes":"nolabel directed fixed byLav"},{"data":{"source":"node13","target":"node6","id":"224d0f9d-a64f-4c9a-99f3-9a60fc9d6073","isMean":"0","est":"1.26","p_value":"0.00","se":"0.18"},"position":{"x":0,"y":0},"group":"edges","removed":false,"selected":false,"selectable":true,"locked":false,"grabbable":true,"pannable":true,"classes":"free nolabel directed hasEst"},{"data":{"source":"node13","target":"node7","id":"8e762e40-a1a3-463c-9d96-d8c627fa61ec","isMean":"0","est":"1.06","p_value":"0.00","se":"0.15"},"position":{"x":0,"y":0},"group":"edges","removed":false,"selected":false,"selectable":true,"locked":false,"grabbable":true,"pannable":true,"classes":"free nolabel directed hasEst"},{"data":{"source":"node13","target":"node8","id":"0e7f5f69-c07f-4dd6-ae3a-6ad31db8573f","isMean":"0","est":"1.26","p_value":"0.00","se":"0.15"},"position":{"x":0,"y":0},"group":"edges","removed":false,"selected":false,"selectable":true,"locked":false,"grabbable":true,"pannable":true,"classes":"free nolabel directed hasEst"},{"data":{"source":"node15","target":"node9","id":"91a1acd6-1595-4281-958e-65fc54affcf5","isMean":"0","est":"0.79","p_value":"0.00","se":"0.10"},"position":{"x":0,"y":0},"group":"edges","removed":false,"selected":false,"selectable":true,"locked":false,"grabbable":true,"pannable":true,"classes":"free nolabel directed hasEst"},{"data":{"source":"node15","target":"node10","id":"31da4c35-f3d8-498c-afa7-763917722519","isMean":"0","est":"0.94","p_value":"0.00","se":"0.11"},"position":{"x":0,"y":0},"group":"edges","removed":false,"selected":false,"selectable":true,"locked":false,"grabbable":true,"pannable":true,"classes":"free nolabel directed hasEst"},{"data":{"source":"node15","target":"node11","id":"d65b488d-2fe6-435f-928d-3da44e161405","isMean":"0","est":"1.01","p_value":"0.00","se":"0.12"},"position":{"x":0,"y":0},"group":"edges","removed":false,"selected":false,"selectable":true,"locked":false,"grabbable":true,"pannable":true,"classes":"free nolabel directed hasEst"},{"data":{"source":"node15","target":"node12","id":"8e18cc24-f952-450f-b9b3-b91b3d89a976","isMean":"0","value":1},"position":{"x":0,"y":0},"group":"edges","removed":false,"selected":false,"selectable":true,"locked":false,"grabbable":true,"pannable":true,"classes":"nolabel directed fixed byLav"},{"data":{"source":"node5","target":"node9","id":"ebf6ac9f-2789-46ae-8387-eefbe862a819","isMean":"0","est":"0.62","p_value":"0.08","se":"0.36"},"position":{"x":0,"y":0},"group":"edges","removed":false,"selected":false,"selectable":true,"locked":false,"grabbable":true,"pannable":true,"classes":"free nolabel undirected hasEst"},{"data":{"source":"node6","target":"node8","id":"3f650f06-ba17-4622-af94-e5b2159ac5b8","isMean":"0","est":"1.31","p_value":"0.06","se":"0.70"},"position":{"x":0,"y":0},"group":"edges","removed":false,"selected":false,"selectable":true,"locked":false,"grabbable":true,"pannable":true,"classes":"free nolabel undirected hasEst"},{"data":{"source":"node6","target":"node10","id":"f43ffc58-10f7-4fef-8ddb-16abc3702ca9","isMean":"0","est":"2.15","p_value":"0.00","se":"0.73"},"position":{"x":0,"y":0},"group":"edges","removed":false,"selected":false,"selectable":true,"locked":false,"grabbable":true,"pannable":true,"classes":"free nolabel undirected hasEst"},{"data":{"source":"node7","target":"node11","id":"e3c06a97-3281-4900-bb69-8c3e248e1238","isMean":"0","est":"0.79","p_value":"0.19","se":"0.61"},"position":{"x":0,"y":0},"group":"edges","removed":false,"selected":false,"selectable":true,"locked":false,"grabbable":true,"pannable":true,"classes":"free nolabel undirected hasEst"},{"data":{"source":"node8","target":"node12","id":"15b56cd9-22bc-4530-9bc3-23c847a6678c","isMean":"0","est":"0.35","p_value":"0.43","se":"0.44"},"position":{"x":0,"y":0},"group":"edges","removed":false,"selected":false,"selectable":true,"locked":false,"grabbable":true,"pannable":true,"classes":"free nolabel undirected hasEst"},{"data":{"source":"node14","target":"node2","id":"ca309db0-91ed-4829-815f-0ca9ce641583","isMean":"0","value":"1"},"position":{"x":0,"y":0},"group":"edges","removed":false,"selected":false,"selectable":true,"locked":false,"grabbable":true,"pannable":true,"classes":"nolabel directed fixed"}]},"style":[{"selector":"node","style":{"width":"80px","height":"80px","background-color":"rgb(255,255,255)","border-color":"rgb(128,128,128)","border-width":"2px","label":"data(label)","text-valign":"center","text-halign":"center"}},{"selector":"node.observed-variable","style":{"shape":"rectangle"}},{"selector":"node.latent-variable","style":{"shape":"ellipse","border-color":"rgb(0,0,0)"}},{"selector":"node.constant","style":{"shape":"triangle","label":"1","text-valign":"center","text-margin-y":"10px","border-color":"rgb(0,0,0)"}},{"selector":"node.linked","style":{"border-color":"rgb(0,0,0)"}},{"selector":"edge","style":{"width":"3px","line-color":"rgb(0,0,0)","target-arrow-color":"rgb(0,0,0)","source-arrow-color":"rgb(0,0,0)","target-arrow-shape":"triangle","curve-style":"bezier","text-valign":"center","text-halign":"center","text-wrap":"wrap","text-max-width":"80px","font-size":"14px","z-index":"10","color":"rgb(0,0,0)","text-outline-color":"rgb(255,255,255)","text-outline-width":"2px","text-background-color":"rgb(255,255,255)","text-background-opacity":"1","text-background-padding":"4px"}},{"selector":"edge.loop","style":{"curve-style":"bezier","loop-direction":"0rad","loop-sweep":"0.8rad","target-arrow-shape":"triangle","source-arrow-shape":"triangle","target-arrow-fill":"filled","source-arrow-fill":"filled","target-arrow-color":"rgb(0,0,0)","source-arrow-color":"rgb(0,0,0)","control-point-step-size":"60px"}},{"selector":"edge.undirected","style":{"curve-style":"unbundled-bezier","control-point-distances":"-100px","control-point-weights":"0.5","target-arrow-shape":"triangle","source-arrow-shape":"triangle"}},{"selector":"edge.label, edge.label","style":{"label":"fn"}},{"selector":"edge.fixed.label","style":{"label":"fn"}},{"selector":"edge.fixed.nolabel","style":{"label":"fn"}},{"selector":"edge.hasEst","style":{"label":"fn"}},{"selector":"edge.hasEst.label","style":{"label":"fn"}},{"selector":"edge.forcefree","style":{"line-color":"rgb(0,0,255)"}},{"selector":"edge.fromLav, edge.byLav","style":{"line-style":"dashed"}},{"selector":"edge:selected","style":{"line-color":"rgb(255,0,0)","target-arrow-color":"rgb(255,0,0)","source-arrow-color":"rgb(255,0,0)"}},{"selector":"node:selected","style":{"border-color":"rgb(255,0,0)"}}],"data":{},"zoomingEnabled":true,"userZoomingEnabled":true,"zoom":0.9435515339314351,"minZoom":1e-50,"maxZoom":1e+50,"panningEnabled":true,"userPanningEnabled":true,"pan":{"x":86.22623497104829,"y":29.43365763971163},"boxSelectionEnabled":true,"renderer":{"name":"null"}}
