{"model":"{\"elements\":{\"nodes\":[{\"data\":{\"id\":\"node2\",\"label\":\"x1\"},\"position\":{\"x\":414.9790990911201,\"y\":59.11996627041736},\"group\":\"nodes\",\"removed\":false,\"selected\":false,\"selectable\":true,\"locked\":false,\"grabbable\":true,\"pannable\":false,\"classes\":\"observed-variable\"},{\"data\":{\"id\":\"node3\",\"label\":\"x2\"},\"position\":{\"x\":561.2433076002634,\"y\":64.88174639888038},\"group\":\"nodes\",\"removed\":false,\"selected\":false,\"selectable\":true,\"locked\":false,\"grabbable\":true,\"pannable\":false,\"classes\":\"observed-variable\"},{\"data\":{\"id\":\"node4\",\"label\":\"x3\"},\"position\":{\"x\":712.6114900148152,\"y\":73.00013892439793},\"group\":\"nodes\",\"removed\":false,\"selected\":false,\"selectable\":true,\"locked\":false,\"grabbable\":true,\"pannable\":false,\"classes\":\"observed-variable\"},{\"data\":{\"id\":\"node5\",\"label\":\"y1\"},\"position\":{\"x\":75.10282437524579,\"y\":18.483689063101927},\"group\":\"nodes\",\"removed\":false,\"selected\":false,\"selectable\":true,\"locked\":false,\"grabbable\":true,\"pannable\":false,\"classes\":\"observed-variable\"},{\"data\":{\"id\":\"node6\",\"label\":\"y2\"},\"position\":{\"x\":77.78742642530477,\"y\":149.9523752755727},\"group\":\"nodes\",\"removed\":false,\"selected\":false,\"selectable\":true,\"locked\":false,\"grabbable\":true,\"pannable\":false,\"classes\":\"observed-variable\"},{\"data\":{\"id\":\"node7\",\"label\":\"y3\"},\"position\":{\"x\":83.22428324638537,\"y\":291.25130757195274},\"group\":\"nodes\",\"removed\":false,\"selected\":false,\"selectable\":true,\"locked\":false,\"grabbable\":true,\"pannable\":false,\"classes\":\"observed-variable\"},{\"data\":{\"id\":\"node8\",\"label\":\"y4\"},\"position\":{\"x\":80.47494763166513,\"y\":417.1356413647972},\"group\":\"nodes\",\"removed\":false,\"selected\":false,\"selectable\":true,\"locked\":false,\"grabbable\":true,\"pannable\":false,\"classes\":\"observed-variable\"},{\"data\":{\"id\":\"node9\",\"label\":\"y5\"},\"position\":{\"x\":77.14330270151468,\"y\":535.4576911794079},\"group\":\"nodes\",\"removed\":false,\"selected\":false,\"selectable\":true,\"locked\":false,\"grabbable\":true,\"pannable\":false,\"classes\":\"observed-variable\"},{\"data\":{\"id\":\"node10\",\"label\":\"y6\"},\"position\":{\"x\":77.48318777104276,\"y\":653.5629521025437},\"group\":\"nodes\",\"removed\":false,\"selected\":false,\"selectable\":true,\"locked\":false,\"grabbable\":true,\"pannable\":false,\"classes\":\"observed-variable\"},{\"data\":{\"id\":\"node11\",\"label\":\"y7\"},\"position\":{\"x\":80.51261834332855,\"y\":769.6684773699963},\"group\":\"nodes\",\"removed\":false,\"selected\":false,\"selectable\":true,\"locked\":false,\"grabbable\":true,\"pannable\":false,\"classes\":\"observed-variable\"},{\"data\":{\"id\":\"node12\",\"label\":\"y8\"},\"position\":{\"x\":82.12044991226193,\"y\":884.5917696196841},\"group\":\"nodes\",\"removed\":false,\"selected\":false,\"selectable\":true,\"locked\":false,\"grabbable\":true,\"pannable\":false,\"classes\":\"observed-variable\"},{\"data\":{\"id\":\"node13\",\"label\":\"dem60\"},\"position\":{\"x\":356.7241222022857,\"y\":321.7279819240178},\"group\":\"nodes\",\"removed\":false,\"selected\":false,\"selectable\":true,\"locked\":false,\"grabbable\":true,\"pannable\":false,\"classes\":\"latent-variable\"},{\"data\":{\"id\":\"node14\",\"label\":\"ind60\"},\"position\":{\"x\":650.9600229164761,\"y\":334.5448001128271},\"group\":\"nodes\",\"removed\":false,\"selected\":false,\"selectable\":true,\"locked\":false,\"grabbable\":true,\"pannable\":false,\"classes\":\"latent-variable\"},{\"data\":{\"id\":\"node15\",\"label\":\"dem65\"},\"position\":{\"x\":342.1863170632679,\"y\":691.2548150238766},\"group\":\"nodes\",\"removed\":false,\"selected\":false,\"selectable\":true,\"locked\":false,\"grabbable\":true,\"pannable\":false,\"classes\":\"latent-variable\"}],\"edges\":[{\"data\":{\"source\":\"node14\",\"target\":\"node2\",\"id\":\"ca309db0-91ed-4829-815f-0ca9ce641583\",\"isMean\":\"0\",\"value\":1},\"position\":{\"x\":0,\"y\":0},\"group\":\"edges\",\"removed\":false,\"selected\":false,\"selectable\":true,\"locked\":false,\"grabbable\":true,\"pannable\":true,\"classes\":\"nolabel directed fromUser fixed byLav\"},{\"data\":{\"source\":\"node8\",\"target\":\"node12\",\"id\":\"15b56cd9-22bc-4530-9bc3-23c847a6678c\",\"isMean\":\"0\",\"est\":\"0.35\",\"p_value\":\"0.43\",\"se\":\"0.44\",\"ciLow\":\"-0.52\",\"ciHigh\":\"1.22\"},\"position\":{\"x\":0,\"y\":0},\"group\":\"edges\",\"removed\":false,\"selected\":false,\"selectable\":true,\"locked\":false,\"grabbable\":true,\"pannable\":true,\"classes\":\"free nolabel undirected hasEst\"},{\"data\":{\"source\":\"node7\",\"target\":\"node11\",\"id\":\"e3c06a97-3281-4900-bb69-8c3e248e1238\",\"isMean\":\"0\",\"est\":\"0.79\",\"p_value\":\"0.19\",\"se\":\"0.61\",\"ciLow\":\"-0.40\",\"ciHigh\":\"1.99\"},\"position\":{\"x\":0,\"y\":0},\"group\":\"edges\",\"removed\":false,\"selected\":false,\"selectable\":true,\"locked\":false,\"grabbable\":true,\"pannable\":true,\"classes\":\"free nolabel undirected hasEst\"},{\"data\":{\"source\":\"node6\",\"target\":\"node10\",\"id\":\"f43ffc58-10f7-4fef-8ddb-16abc3702ca9\",\"isMean\":\"0\",\"est\":\"2.15\",\"p_value\":\"0.00\",\"se\":\"0.73\",\"ciLow\":\"0.71\",\"ciHigh\":\"3.59\"},\"position\":{\"x\":0,\"y\":0},\"group\":\"edges\",\"removed\":false,\"selected\":false,\"selectable\":true,\"locked\":false,\"grabbable\":true,\"pannable\":true,\"classes\":\"free nolabel undirected hasEst\"},{\"data\":{\"source\":\"node6\",\"target\":\"node8\",\"id\":\"3f650f06-ba17-4622-af94-e5b2159ac5b8\",\"isMean\":\"0\",\"est\":\"1.31\",\"p_value\":\"0.06\",\"se\":\"0.70\",\"ciLow\":\"-0.06\",\"ciHigh\":\"2.69\"},\"position\":{\"x\":0,\"y\":0},\"group\":\"edges\",\"removed\":false,\"selected\":false,\"selectable\":true,\"locked\":false,\"grabbable\":true,\"pannable\":true,\"classes\":\"free nolabel undirected hasEst\"},{\"data\":{\"source\":\"node5\",\"target\":\"node9\",\"id\":\"ebf6ac9f-2789-46ae-8387-eefbe862a819\",\"isMean\":\"0\",\"est\":\"0.62\",\"p_value\":\"0.08\",\"se\":\"0.36\",\"ciLow\":\"-0.08\",\"ciHigh\":\"1.33\"},\"position\":{\"x\":0,\"y\":0},\"group\":\"edges\",\"removed\":false,\"selected\":false,\"selectable\":true,\"locked\":false,\"grabbable\":true,\"pannable\":true,\"classes\":\"free nolabel undirected hasEst\"},{\"data\":{\"source\":\"node15\",\"target\":\"node12\",\"id\":\"8e18cc24-f952-450f-b9b3-b91b3d89a976\",\"isMean\":\"0\",\"value\":1,\"est\":\"1.27\",\"p_value\":\"0.00\",\"se\":\"0.16\",\"ciLow\":\"0.96\",\"ciHigh\":\"1.58\"},\"position\":{\"x\":0,\"y\":0},\"group\":\"edges\",\"removed\":false,\"selected\":false,\"selectable\":true,\"locked\":false,\"grabbable\":true,\"pannable\":true,\"classes\":\"nolabel directed fromUser free hasEst\"},{\"data\":{\"source\":\"node15\",\"target\":\"node11\",\"id\":\"d65b488d-2fe6-435f-928d-3da44e161405\",\"isMean\":\"0\",\"est\":\"1.28\",\"p_value\":\"0.00\",\"se\":\"0.16\",\"ciLow\":\"0.97\",\"ciHigh\":\"1.59\",\"value\":1},\"position\":{\"x\":0,\"y\":0},\"group\":\"edges\",\"removed\":false,\"selected\":false,\"selectable\":true,\"locked\":false,\"grabbable\":true,\"pannable\":true,\"classes\":\"nolabel directed fromUser free hasEst\"},{\"data\":{\"source\":\"node15\",\"target\":\"node10\",\"id\":\"31da4c35-f3d8-498c-afa7-763917722519\",\"isMean\":\"0\",\"est\":\"1.19\",\"p_value\":\"0.00\",\"se\":\"0.17\",\"ciLow\":\"0.85\",\"ciHigh\":\"1.52\"},\"position\":{\"x\":0,\"y\":0},\"group\":\"edges\",\"removed\":false,\"selected\":false,\"selectable\":true,\"locked\":false,\"grabbable\":true,\"pannable\":true,\"classes\":\"free nolabel directed hasEst\"},{\"data\":{\"source\":\"node15\",\"target\":\"node9\",\"id\":\"91a1acd6-1595-4281-958e-65fc54affcf5\",\"isMean\":\"0\",\"p_value\":\"0.00\",\"se\":\"0.10\",\"ciLow\":\"0.59\",\"ciHigh\":\"0.97\",\"value\":1},\"position\":{\"x\":0,\"y\":0},\"group\":\"edges\",\"removed\":false,\"selected\":false,\"selectable\":true,\"locked\":false,\"grabbable\":true,\"pannable\":true,\"classes\":\"nolabel directed fixed byLav\"},{\"data\":{\"source\":\"node13\",\"target\":\"node8\",\"id\":\"0e7f5f69-c07f-4dd6-ae3a-6ad31db8573f\",\"isMean\":\"0\",\"est\":\"1.26\",\"p_value\":\"0.00\",\"se\":\"0.15\",\"ciLow\":\"0.98\",\"ciHigh\":\"1.55\",\"value\":1},\"position\":{\"x\":0,\"y\":0},\"group\":\"edges\",\"removed\":false,\"selected\":false,\"selectable\":true,\"locked\":false,\"grabbable\":true,\"pannable\":true,\"classes\":\"nolabel directed fromUser free hasEst\"},{\"data\":{\"source\":\"node13\",\"target\":\"node5\",\"id\":\"a17489dd-5697-48bf-90c3-3c84e307dda6\",\"isMean\":\"0\",\"value\":1},\"position\":{\"x\":0,\"y\":0},\"group\":\"edges\",\"removed\":false,\"selected\":false,\"selectable\":true,\"locked\":false,\"grabbable\":true,\"pannable\":true,\"classes\":\"nolabel directed fromUser fixed byLav\"},{\"data\":{\"source\":\"node13\",\"target\":\"node6\",\"id\":\"224d0f9d-a64f-4c9a-99f3-9a60fc9d6073\",\"isMean\":\"0\",\"est\":\"1.26\",\"p_value\":\"0.00\",\"se\":\"0.18\",\"ciLow\":\"0.90\",\"ciHigh\":\"1.61\"},\"position\":{\"x\":0,\"y\":0},\"group\":\"edges\",\"removed\":false,\"selected\":false,\"selectable\":true,\"locked\":false,\"grabbable\":true,\"pannable\":true,\"classes\":\"free nolabel directed fromUser hasEst\"},{\"data\":{\"source\":\"node13\",\"target\":\"node7\",\"id\":\"8e762e40-a1a3-463c-9d96-d8c627fa61ec\",\"isMean\":\"0\",\"est\":\"1.06\",\"p_value\":\"0.00\",\"se\":\"0.15\",\"ciLow\":\"0.76\",\"ciHigh\":\"1.35\"},\"position\":{\"x\":0,\"y\":0},\"group\":\"edges\",\"removed\":false,\"selected\":false,\"selectable\":true,\"locked\":false,\"grabbable\":true,\"pannable\":true,\"classes\":\"free nolabel directed fromUser hasEst\"},{\"data\":{\"source\":\"node14\",\"target\":\"node13\",\"id\":\"73a25cfa-9b94-45be-a0d6-2826cd3c2c36\",\"isMean\":\"0\",\"est\":\"1.48\",\"p_value\":\"0.00\",\"se\":\"0.40\",\"ciLow\":\"0.70\",\"ciHigh\":\"2.27\"},\"position\":{\"x\":0,\"y\":0},\"group\":\"edges\",\"removed\":false,\"selected\":false,\"selectable\":true,\"locked\":false,\"grabbable\":true,\"pannable\":true,\"classes\":\"free nolabel directed hasEst\"},{\"data\":{\"source\":\"node14\",\"target\":\"node15\",\"id\":\"5ef145e0-f475-439e-9905-02f1d495be7a\",\"isMean\":\"0\",\"est\":\"0.57\",\"p_value\":\"0.01\",\"se\":\"0.22\",\"ciLow\":\"0.14\",\"ciHigh\":\"1.01\"},\"position\":{\"x\":0,\"y\":0},\"group\":\"edges\",\"removed\":false,\"selected\":false,\"selectable\":true,\"locked\":false,\"grabbable\":true,\"pannable\":true,\"classes\":\"free nolabel directed hasEst\"},{\"data\":{\"source\":\"node13\",\"target\":\"node15\",\"id\":\"d146605f-fe9f-4283-9192-eb8845e4725a\",\"isMean\":\"0\",\"est\":\"0.84\",\"p_value\":\"0.00\",\"se\":\"0.10\",\"ciLow\":\"0.64\",\"ciHigh\":\"1.03\"},\"position\":{\"x\":0,\"y\":0},\"group\":\"edges\",\"removed\":false,\"selected\":false,\"selectable\":true,\"locked\":false,\"grabbable\":true,\"pannable\":true,\"classes\":\"free nolabel directed hasEst\"},{\"data\":{\"source\":\"node10\",\"target\":\"node12\",\"id\":\"00e698ae-e71a-412a-ad9e-709dfbeee3dd\",\"isMean\":\"0\",\"est\":\"1.36\",\"p_value\":\"0.02\",\"se\":\"0.57\",\"ciLow\":\"0.24\",\"ciHigh\":\"2.47\"},\"position\":{\"x\":0,\"y\":0},\"group\":\"edges\",\"removed\":false,\"selected\":false,\"selectable\":true,\"locked\":false,\"grabbable\":true,\"pannable\":true,\"classes\":\"free nolabel undirected hasEst\"},{\"data\":{\"source\":\"node14\",\"target\":\"node3\",\"id\":\"1aa91711-9a94-483e-b3df-e851cb14d4ae\",\"isMean\":\"0\",\"est\":\"2.18\",\"p_value\":\"0.00\",\"se\":\"0.14\",\"ciLow\":\"1.91\",\"ciHigh\":\"2.45\"},\"position\":{\"x\":0,\"y\":0},\"group\":\"edges\",\"removed\":false,\"selected\":false,\"selectable\":true,\"locked\":false,\"grabbable\":true,\"pannable\":true,\"classes\":\"nolabel directed fromUser free hasEst\"},{\"data\":{\"source\":\"node14\",\"target\":\"node4\",\"id\":\"a58cbe37-7e4b-49f7-aa35-332bbefb5c3b\",\"isMean\":\"0\",\"est\":\"1.82\",\"p_value\":\"0.00\",\"se\":\"0.15\",\"ciLow\":\"1.52\",\"ciHigh\":\"2.12\"},\"position\":{\"x\":0,\"y\":0},\"group\":\"edges\",\"removed\":false,\"selected\":false,\"selectable\":true,\"locked\":false,\"grabbable\":true,\"pannable\":true,\"classes\":\"free nolabel directed fromUser hasEst\"},{\"data\":{\"source\":\"node5\",\"target\":\"node5\",\"id\":\"b35974e1-fdd3-4508-82de-89c0134201ec\",\"est\":\"1.89\",\"p_value\":\"0.00\",\"se\":\"0.44\",\"ciLow\":\"1.02\",\"ciHigh\":\"2.76\"},\"position\":{\"x\":0,\"y\":0},\"group\":\"edges\",\"removed\":false,\"selected\":false,\"selectable\":true,\"locked\":false,\"grabbable\":true,\"pannable\":true,\"classes\":\"loop fromLav nolabel free hasEst\"},{\"data\":{\"source\":\"node6\",\"target\":\"node6\",\"id\":\"181df27a-8d39-4512-a843-eb3cfbf09f67\",\"est\":\"7.37\",\"p_value\":\"0.00\",\"se\":\"1.37\",\"ciLow\":\"4.68\",\"ciHigh\":\"10.07\"},\"position\":{\"x\":0,\"y\":0},\"group\":\"edges\",\"removed\":false,\"selected\":false,\"selectable\":true,\"locked\":false,\"grabbable\":true,\"pannable\":true,\"classes\":\"loop fromLav nolabel free hasEst\"},{\"data\":{\"source\":\"node8\",\"target\":\"node8\",\"id\":\"34d4b90f-3446-46a3-affc-ad181287b932\",\"est\":\"3.15\",\"p_value\":\"0.00\",\"se\":\"0.74\",\"ciLow\":\"1.70\",\"ciHigh\":\"4.60\"},\"position\":{\"x\":0,\"y\":0},\"group\":\"edges\",\"removed\":false,\"selected\":false,\"selectable\":true,\"locked\":false,\"grabbable\":true,\"pannable\":true,\"classes\":\"loop fromLav nolabel free hasEst\"},{\"data\":{\"source\":\"node7\",\"target\":\"node7\",\"id\":\"a5de38d6-96c0-4925-b9bd-189e36e8b1ee\",\"est\":\"5.07\",\"p_value\":\"0.00\",\"se\":\"0.95\",\"ciLow\":\"3.20\",\"ciHigh\":\"6.93\"},\"position\":{\"x\":0,\"y\":0},\"group\":\"edges\",\"removed\":false,\"selected\":false,\"selectable\":true,\"locked\":false,\"grabbable\":true,\"pannable\":true,\"classes\":\"loop fromLav nolabel free hasEst\"},{\"data\":{\"source\":\"node2\",\"target\":\"node2\",\"id\":\"7a0883a3-44c3-4995-b1a0-de8c670f9cec\",\"est\":\"0.08\",\"p_value\":\"0.00\",\"se\":\"0.02\",\"ciLow\":\"0.04\",\"ciHigh\":\"0.12\"},\"position\":{\"x\":0,\"y\":0},\"group\":\"edges\",\"removed\":false,\"selected\":false,\"selectable\":true,\"locked\":false,\"grabbable\":true,\"pannable\":true,\"classes\":\"loop fromLav nolabel free hasEst\"},{\"data\":{\"source\":\"node3\",\"target\":\"node3\",\"id\":\"bd4e5f67-c547-47cd-8fd9-e8546710d209\",\"est\":\"0.12\",\"p_value\":\"0.09\",\"se\":\"0.07\",\"ciLow\":\"-0.02\",\"ciHigh\":\"0.26\"},\"position\":{\"x\":0,\"y\":0},\"group\":\"edges\",\"removed\":false,\"selected\":false,\"selectable\":true,\"locked\":false,\"grabbable\":true,\"pannable\":true,\"classes\":\"loop fromLav nolabel free hasEst\"},{\"data\":{\"source\":\"node4\",\"target\":\"node4\",\"id\":\"c5f4f4e8-49d5-44c1-a067-fd519aed5f0f\",\"est\":\"0.47\",\"p_value\":\"0.00\",\"se\":\"0.09\",\"ciLow\":\"0.29\",\"ciHigh\":\"0.64\"},\"position\":{\"x\":0,\"y\":0},\"group\":\"edges\",\"removed\":false,\"selected\":false,\"selectable\":true,\"locked\":false,\"grabbable\":true,\"pannable\":true,\"classes\":\"loop fromLav nolabel free hasEst\"},{\"data\":{\"source\":\"node9\",\"target\":\"node9\",\"id\":\"c2ff0ea0-243e-405c-b2f4-8c83cdea4561\",\"est\":\"2.35\",\"p_value\":\"0.00\",\"se\":\"0.48\",\"ciLow\":\"1.41\",\"ciHigh\":\"3.29\"},\"position\":{\"x\":0,\"y\":0},\"group\":\"edges\",\"removed\":false,\"selected\":false,\"selectable\":true,\"locked\":false,\"grabbable\":true,\"pannable\":true,\"classes\":\"loop fromLav nolabel free hasEst\"},{\"data\":{\"source\":\"node10\",\"target\":\"node10\",\"id\":\"6f1b1cce-96f3-4fd8-95c2-d886c27af12f\",\"est\":\"4.95\",\"p_value\":\"0.00\",\"se\":\"0.91\",\"ciLow\":\"3.16\",\"ciHigh\":\"6.75\"},\"position\":{\"x\":0,\"y\":0},\"group\":\"edges\",\"removed\":false,\"selected\":false,\"selectable\":true,\"locked\":false,\"grabbable\":true,\"pannable\":true,\"classes\":\"loop fromLav nolabel free hasEst\"},{\"data\":{\"source\":\"node11\",\"target\":\"node11\",\"id\":\"d032be8a-546f-4d18-bf15-aab583c4f255\",\"est\":\"3.43\",\"p_value\":\"0.00\",\"se\":\"0.71\",\"ciLow\":\"2.03\",\"ciHigh\":\"4.83\"},\"position\":{\"x\":0,\"y\":0},\"group\":\"edges\",\"removed\":false,\"selected\":false,\"selectable\":true,\"locked\":false,\"grabbable\":true,\"pannable\":true,\"classes\":\"loop fromLav nolabel free hasEst\"},{\"data\":{\"source\":\"node12\",\"target\":\"node12\",\"id\":\"a64d1721-e278-4296-81dc-eafc3af45dc4\",\"est\":\"3.25\",\"p_value\":\"0.00\",\"se\":\"0.69\",\"ciLow\":\"1.89\",\"ciHigh\":\"4.62\"},\"position\":{\"x\":0,\"y\":0},\"group\":\"edges\",\"removed\":false,\"selected\":false,\"selectable\":true,\"locked\":false,\"grabbable\":true,\"pannable\":true,\"classes\":\"loop fromLav nolabel free hasEst\"},{\"data\":{\"source\":\"node13\",\"target\":\"node13\",\"id\":\"f24c8519-495e-4f33-a101-d021f063f6e3\",\"est\":\"3.96\",\"p_value\":\"0.00\",\"se\":\"0.92\",\"ciLow\":\"2.15\",\"ciHigh\":\"5.76\"},\"position\":{\"x\":0,\"y\":0},\"group\":\"edges\",\"removed\":false,\"selected\":false,\"selectable\":true,\"locked\":false,\"grabbable\":true,\"pannable\":true,\"classes\":\"loop fromLav nolabel free hasEst\"},{\"data\":{\"source\":\"node14\",\"target\":\"node14\",\"id\":\"2322e14a-0f83-4bc7-b5db-18ba33f99e9e\",\"est\":\"0.45\",\"p_value\":\"0.00\",\"se\":\"0.09\",\"ciLow\":\"0.28\",\"ciHigh\":\"0.62\"},\"position\":{\"x\":0,\"y\":0},\"group\":\"edges\",\"removed\":false,\"selected\":false,\"selectable\":true,\"locked\":false,\"grabbable\":true,\"pannable\":true,\"classes\":\"loop fromLav nolabel free hasEst\"},{\"data\":{\"source\":\"node15\",\"target\":\"node15\",\"id\":\"bdfa5903-c0d3-48e8-a895-d4075a525090\",\"est\":\"0.17\",\"p_value\":\"0.42\",\"se\":\"0.21\",\"ciLow\":\"-0.25\",\"ciHigh\":\"0.59\"},\"position\":{\"x\":0,\"y\":0},\"group\":\"edges\",\"removed\":false,\"selected\":false,\"selectable\":true,\"locked\":false,\"grabbable\":true,\"pannable\":true,\"classes\":\"loop fromLav nolabel free hasEst\"}]},\"style\":[{\"selector\":\"node\",\"style\":{\"width\":\"80px\",\"height\":\"80px\",\"background-color\":\"rgb(255,255,255)\",\"border-color\":\"rgb(128,128,128)\",\"border-width\":\"2px\",\"label\":\"data(label)\",\"text-valign\":\"center\",\"text-halign\":\"center\"}},{\"selector\":\"node.observed-variable\",\"style\":{\"shape\":\"rectangle\"}},{\"selector\":\"node.latent-variable\",\"style\":{\"shape\":\"ellipse\",\"border-color\":\"rgb(0,0,0)\"}},{\"selector\":\"node.constant\",\"style\":{\"shape\":\"triangle\",\"label\":\"1\",\"text-valign\":\"center\",\"text-margin-y\":\"10px\",\"border-color\":\"rgb(0,0,0)\"}},{\"selector\":\"node.linked\",\"style\":{\"border-color\":\"rgb(0,0,0)\"}},{\"selector\":\"edge\",\"style\":{\"width\":\"3px\",\"line-color\":\"rgb(0,0,0)\",\"target-arrow-color\":\"rgb(0,0,0)\",\"source-arrow-color\":\"rgb(0,0,0)\",\"target-arrow-shape\":\"triangle\",\"curve-style\":\"bezier\",\"text-valign\":\"center\",\"text-halign\":\"center\",\"text-wrap\":\"wrap\",\"text-max-width\":\"80px\",\"font-size\":\"14px\",\"z-index\":\"10\",\"color\":\"rgb(0,0,0)\",\"text-outline-color\":\"rgb(255,255,255)\",\"text-outline-width\":\"2px\",\"text-background-color\":\"rgb(255,255,255)\",\"text-background-opacity\":\"1\",\"text-background-padding\":\"4px\"}},{\"selector\":\"edge.loop\",\"style\":{\"curve-style\":\"bezier\",\"loop-direction\":\"0rad\",\"loop-sweep\":\"0.8rad\",\"target-arrow-shape\":\"triangle\",\"source-arrow-shape\":\"triangle\",\"target-arrow-fill\":\"filled\",\"source-arrow-fill\":\"filled\",\"target-arrow-color\":\"rgb(0,0,0)\",\"source-arrow-color\":\"rgb(0,0,0)\",\"control-point-step-size\":\"60px\"}},{\"selector\":\"edge.undirected\",\"style\":{\"curve-style\":\"unbundled-bezier\",\"control-point-distances\":\"-100px\",\"control-point-weights\":\"0.5\",\"target-arrow-shape\":\"triangle\",\"source-arrow-shape\":\"triangle\"}},{\"selector\":\"edge.undirected.fromLav\",\"style\":{\"control-point-distances\":\"100px\"}},{\"selector\":\"edge.label, edge.label\",\"style\":{\"label\":\"fn\"}},{\"selector\":\"edge.fixed.label\",\"style\":{\"label\":\"fn\"}},{\"selector\":\"edge.fixed.nolabel\",\"style\":{\"label\":\"fn\"}},{\"selector\":\"edge.hasEst\",\"style\":{\"label\":\"fn\"}},{\"selector\":\"edge.hasEst.label\",\"style\":{\"label\":\"fn\"}},{\"selector\":\"edge.forcefree\",\"style\":{\"line-color\":\"rgb(0,0,255)\"}},{\"selector\":\"edge.fromLav, edge.byLav\",\"style\":{\"line-style\":\"dashed\"}},{\"selector\":\"edge:selected\",\"style\":{\"line-color\":\"rgb(255,0,0)\",\"target-arrow-color\":\"rgb(255,0,0)\",\"source-arrow-color\":\"rgb(255,0,0)\"}},{\"selector\":\"node:selected\",\"style\":{\"border-color\":\"rgb(255,0,0)\"}},{\"selector\":\"edge.hasEst\",\"style\":{}}],\"data\":{},\"zoomingEnabled\":true,\"userZoomingEnabled\":true,\"zoom\":0.7408479828019408,\"minZoom\":0.2,\"maxZoom\":5,\"panningEnabled\":true,\"userPanningEnabled\":true,\"pan\":{\"x\":476.2038510893863,\"y\":105.47872304103907},\"boxSelectionEnabled\":true,\"renderer\":{\"name\":\"null\"}}","modelOpt":"{\"meanStruc\":\"default\",\"intOvFree\":false,\"intLvFree\":true}"}
