{"model":"{\"elements\":{\"nodes\":[{\"data\":{\"id\":\"4dc68ea2-2387-45e7-90c2-210bd8b52252\",\"label\":\"t1\"},\"position\":{\"x\":149.86982459318466,\"y\":679.7258919240746},\"group\":\"nodes\",\"removed\":false,\"selected\":false,\"selectable\":true,\"locked\":false,\"grabbable\":true,\"pannable\":false,\"classes\":\"observed-variable\"},{\"data\":{\"id\":\"19ea6a84-0257-4617-ac8e-7b087e08738d\",\"label\":\"t2\"},\"position\":{\"x\":283.09468045380453,\"y\":683.9335308191971},\"group\":\"nodes\",\"removed\":false,\"selected\":false,\"selectable\":true,\"locked\":false,\"grabbable\":true,\"pannable\":false,\"classes\":\"observed-variable\"},{\"data\":{\"id\":\"371e600a-d98e-4b8c-8169-1016232c433d\",\"label\":\"t3\"},\"position\":{\"x\":413.3089817587825,\"y\":685.017818509246},\"group\":\"nodes\",\"removed\":false,\"selected\":false,\"selectable\":true,\"locked\":false,\"grabbable\":true,\"pannable\":false,\"classes\":\"observed-variable\"},{\"data\":{\"id\":\"a9a5a3a3-d0f1-493d-9070-eff99c30f1e1\",\"label\":\"t4\"},\"position\":{\"x\":543.9679901280329,\"y\":680.6232646656401},\"group\":\"nodes\",\"removed\":false,\"selected\":false,\"selectable\":true,\"locked\":false,\"grabbable\":true,\"pannable\":false,\"classes\":\"observed-variable\"},{\"data\":{\"id\":\"18c9d6a3-a4bf-4181-88f7-674d38fd306d\",\"label\":\"i\"},\"position\":{\"x\":167.82226335627158,\"y\":343.3017604141962},\"group\":\"nodes\",\"removed\":false,\"selected\":false,\"selectable\":true,\"locked\":false,\"grabbable\":true,\"pannable\":false,\"classes\":\"latent-variable\"},{\"data\":{\"id\":\"867ebfc4-ab3e-46f4-9adc-11f190e2224e\",\"label\":\"s\"},\"position\":{\"x\":609.0181651494737,\"y\":340.4538262722646},\"group\":\"nodes\",\"removed\":false,\"selected\":false,\"selectable\":true,\"locked\":false,\"grabbable\":true,\"pannable\":false,\"classes\":\"latent-variable\"}],\"edges\":[{\"data\":{\"source\":\"18c9d6a3-a4bf-4181-88f7-674d38fd306d\",\"target\":\"4dc68ea2-2387-45e7-90c2-210bd8b52252\",\"id\":\"2475bd94-4323-45f1-bcbc-b9a57445d751\",\"isMean\":\"0\",\"value\":\"1\"},\"position\":{\"x\":0,\"y\":0},\"group\":\"edges\",\"removed\":false,\"selected\":false,\"selectable\":true,\"locked\":false,\"grabbable\":true,\"pannable\":true,\"classes\":\"nolabel directed fixed\"},{\"data\":{\"source\":\"18c9d6a3-a4bf-4181-88f7-674d38fd306d\",\"target\":\"19ea6a84-0257-4617-ac8e-7b087e08738d\",\"id\":\"cefe60dd-ba6e-466f-b8ba-a7a289076119\",\"isMean\":\"0\",\"value\":\"1\"},\"position\":{\"x\":0,\"y\":0},\"group\":\"edges\",\"removed\":false,\"selected\":false,\"selectable\":true,\"locked\":false,\"grabbable\":true,\"pannable\":true,\"classes\":\"nolabel directed fixed\"},{\"data\":{\"source\":\"18c9d6a3-a4bf-4181-88f7-674d38fd306d\",\"target\":\"371e600a-d98e-4b8c-8169-1016232c433d\",\"id\":\"17bc6ce4-3ce8-4508-8c6a-1aea160ddade\",\"isMean\":\"0\",\"value\":\"1\"},\"position\":{\"x\":0,\"y\":0},\"group\":\"edges\",\"removed\":false,\"selected\":false,\"selectable\":true,\"locked\":false,\"grabbable\":true,\"pannable\":true,\"classes\":\"nolabel directed fixed\"},{\"data\":{\"source\":\"18c9d6a3-a4bf-4181-88f7-674d38fd306d\",\"target\":\"a9a5a3a3-d0f1-493d-9070-eff99c30f1e1\",\"id\":\"3fc4ad1c-2f75-4bcf-935a-162e28436c16\",\"isMean\":\"0\",\"value\":\"1\"},\"position\":{\"x\":0,\"y\":0},\"group\":\"edges\",\"removed\":false,\"selected\":false,\"selectable\":true,\"locked\":false,\"grabbable\":true,\"pannable\":true,\"classes\":\"nolabel directed fixed\"},{\"data\":{\"source\":\"867ebfc4-ab3e-46f4-9adc-11f190e2224e\",\"target\":\"19ea6a84-0257-4617-ac8e-7b087e08738d\",\"id\":\"29e9b737-854f-42ef-bfc8-a0e334cf90ef\",\"isMean\":\"0\",\"value\":\"1\"},\"position\":{\"x\":0,\"y\":0},\"group\":\"edges\",\"removed\":false,\"selected\":false,\"selectable\":true,\"locked\":false,\"grabbable\":true,\"pannable\":true,\"classes\":\"nolabel directed fixed\"},{\"data\":{\"source\":\"867ebfc4-ab3e-46f4-9adc-11f190e2224e\",\"target\":\"371e600a-d98e-4b8c-8169-1016232c433d\",\"id\":\"813a37cb-3379-4674-b199-349d0fb35d49\",\"isMean\":\"0\",\"value\":\"2\"},\"position\":{\"x\":0,\"y\":0},\"group\":\"edges\",\"removed\":false,\"selected\":false,\"selectable\":true,\"locked\":false,\"grabbable\":true,\"pannable\":true,\"classes\":\"nolabel directed fixed\"},{\"data\":{\"source\":\"867ebfc4-ab3e-46f4-9adc-11f190e2224e\",\"target\":\"a9a5a3a3-d0f1-493d-9070-eff99c30f1e1\",\"id\":\"f046c126-ca5b-4d3c-94c4-9fe18149761c\",\"isMean\":\"0\",\"value\":\"3\"},\"position\":{\"x\":0,\"y\":0},\"group\":\"edges\",\"removed\":false,\"selected\":false,\"selectable\":true,\"locked\":false,\"grabbable\":true,\"pannable\":true,\"classes\":\"nolabel directed fixed\"}]},\"style\":[{\"selector\":\"node\",\"style\":{\"width\":\"80px\",\"height\":\"80px\",\"background-color\":\"rgb(255,255,255)\",\"border-color\":\"rgb(128,128,128)\",\"border-width\":\"2px\",\"label\":\"data(label)\",\"text-valign\":\"center\",\"text-halign\":\"center\"}},{\"selector\":\"node.observed-variable\",\"style\":{\"shape\":\"rectangle\"}},{\"selector\":\"node.latent-variable\",\"style\":{\"shape\":\"ellipse\",\"border-color\":\"rgb(0,0,0)\"}},{\"selector\":\"node.constant\",\"style\":{\"shape\":\"triangle\",\"label\":\"1\",\"text-valign\":\"center\",\"text-margin-y\":\"10px\",\"border-color\":\"rgb(0,0,0)\"}},{\"selector\":\"node.linked\",\"style\":{\"border-color\":\"rgb(0,0,0)\"}},{\"selector\":\"edge\",\"style\":{\"width\":\"3px\",\"line-color\":\"rgb(0,0,0)\",\"target-arrow-color\":\"rgb(0,0,0)\",\"source-arrow-color\":\"rgb(0,0,0)\",\"target-arrow-shape\":\"triangle\",\"curve-style\":\"bezier\",\"text-valign\":\"center\",\"text-halign\":\"center\",\"text-wrap\":\"wrap\",\"text-max-width\":\"80px\",\"font-size\":\"14px\",\"z-index\":\"10\",\"color\":\"rgb(0,0,0)\",\"text-outline-color\":\"rgb(255,255,255)\",\"text-outline-width\":\"2px\",\"text-background-color\":\"rgb(255,255,255)\",\"text-background-opacity\":\"1\",\"text-background-padding\":\"4px\"}},{\"selector\":\"edge.loop\",\"style\":{\"curve-style\":\"bezier\",\"loop-direction\":\"0rad\",\"loop-sweep\":\"0.8rad\",\"target-arrow-shape\":\"triangle\",\"source-arrow-shape\":\"triangle\",\"target-arrow-fill\":\"filled\",\"source-arrow-fill\":\"filled\",\"target-arrow-color\":\"rgb(0,0,0)\",\"source-arrow-color\":\"rgb(0,0,0)\",\"control-point-step-size\":\"60px\"}},{\"selector\":\"edge.undirected\",\"style\":{\"curve-style\":\"unbundled-bezier\",\"control-point-distances\":\"-100px\",\"control-point-weights\":\"0.5\",\"target-arrow-shape\":\"triangle\",\"source-arrow-shape\":\"triangle\"}},{\"selector\":\"edge.label, edge.label\",\"style\":{\"label\":\"fn\"}},{\"selector\":\"edge.fixed.label\",\"style\":{\"label\":\"fn\"}},{\"selector\":\"edge.fixed.nolabel\",\"style\":{\"label\":\"fn\"}},{\"selector\":\"edge.hasEst\",\"style\":{\"label\":\"fn\"}},{\"selector\":\"edge.hasEst.label\",\"style\":{\"label\":\"fn\"}},{\"selector\":\"edge.forcefree\",\"style\":{\"line-color\":\"rgb(0,0,255)\"}},{\"selector\":\"edge.fromLav, edge.byLav\",\"style\":{\"line-style\":\"dashed\"}},{\"selector\":\"edge:selected\",\"style\":{\"line-color\":\"rgb(255,0,0)\",\"target-arrow-color\":\"rgb(255,0,0)\",\"source-arrow-color\":\"rgb(255,0,0)\"}},{\"selector\":\"node:selected\",\"style\":{\"border-color\":\"rgb(255,0,0)\"}}],\"data\":{},\"zoomingEnabled\":true,\"userZoomingEnabled\":true,\"zoom\":1.1831630086652487,\"minZoom\":1e-50,\"maxZoom\":1e+50,\"panningEnabled\":true,\"userPanningEnabled\":true,\"pan\":{\"x\":294.76668615499284,\"y\":-190.98328286784556},\"boxSelectionEnabled\":true,\"renderer\":{\"name\":\"null\"}}","modelOpt":"{\"meanStruc\":\"true\",\"intOvFree\":false,\"intLvFree\":true}"}
