{"elements":{"nodes":[{"data":{"id":"4dc68ea2-2387-45e7-90c2-210bd8b52252","label":"t1"},"position":{"x":151.63992492207697,"y":683.8561260248234},"group":"nodes","removed":false,"selected":false,"selectable":true,"locked":false,"grabbable":true,"pannable":false,"classes":"observed-variable"},{"data":{"id":"19ea6a84-0257-4617-ac8e-7b087e08738d","label":"t2"},"position":{"x":283.09468045380453,"y":683.9335308191971},"group":"nodes","removed":false,"selected":false,"selectable":true,"locked":false,"grabbable":true,"pannable":false,"classes":"observed-variable"},{"data":{"id":"18c9d6a3-a4bf-4181-88f7-674d38fd306d","label":"f1"},"position":{"x":284.6488850631653,"y":337.40142598455515},"group":"nodes","removed":false,"selected":false,"selectable":true,"locked":false,"grabbable":true,"pannable":false,"classes":"latent-variable"},{"data":{"id":"867ebfc4-ab3e-46f4-9adc-11f190e2224e","label":"f2"},"position":{"x":521.1031821478214,"y":335.73355872855177},"group":"nodes","removed":false,"selected":false,"selectable":true,"locked":false,"grabbable":true,"pannable":false,"classes":"latent-variable"},{"data":{"id":"91d607b9-1320-4799-a61b-8c3bf66ee2ae","label":"t3"},"position":{"x":427.83355987429366,"y":677.0611868714109},"group":"nodes","removed":false,"selected":false,"selectable":true,"locked":false,"grabbable":true,"pannable":false,"classes":"observed-variable"},{"data":{"id":"da8c43b7-c525-4f5b-8582-d2d7b04169f9","label":"t4"},"position":{"x":530.4599362751356,"y":679.6134024957008},"group":"nodes","removed":false,"selected":false,"selectable":true,"locked":false,"grabbable":true,"pannable":false,"classes":"observed-variable"}],"edges":[{"data":{"source":"867ebfc4-ab3e-46f4-9adc-11f190e2224e","target":"19ea6a84-0257-4617-ac8e-7b087e08738d","id":"29e9b737-854f-42ef-bfc8-a0e334cf90ef","isMean":"0","value":"1"},"position":{"x":0,"y":0},"group":"edges","removed":false,"selected":false,"selectable":true,"locked":false,"grabbable":true,"pannable":true,"classes":"nolabel directed fixed"},{"data":{"source":"18c9d6a3-a4bf-4181-88f7-674d38fd306d","target":"19ea6a84-0257-4617-ac8e-7b087e08738d","id":"cefe60dd-ba6e-466f-b8ba-a7a289076119","isMean":"0","value":"1"},"position":{"x":0,"y":0},"group":"edges","removed":false,"selected":false,"selectable":true,"locked":false,"grabbable":true,"pannable":true,"classes":"nolabel directed fixed"},{"data":{"source":"18c9d6a3-a4bf-4181-88f7-674d38fd306d","target":"4dc68ea2-2387-45e7-90c2-210bd8b52252","id":"2475bd94-4323-45f1-bcbc-b9a57445d751","isMean":"0","value":"1"},"position":{"x":0,"y":0},"group":"edges","removed":false,"selected":false,"selectable":true,"locked":false,"grabbable":true,"pannable":true,"classes":"nolabel directed fixed"},{"data":{"source":"867ebfc4-ab3e-46f4-9adc-11f190e2224e","target":"91d607b9-1320-4799-a61b-8c3bf66ee2ae","id":"76db643e-6c6f-4bb4-b97c-f5d686137d22","isMean":"0","value":"2"},"position":{"x":0,"y":0},"group":"edges","removed":false,"selected":false,"selectable":true,"locked":false,"grabbable":true,"pannable":true,"classes":"nolabel directed fixed"},{"data":{"source":"867ebfc4-ab3e-46f4-9adc-11f190e2224e","target":"da8c43b7-c525-4f5b-8582-d2d7b04169f9","id":"8a2be444-869b-4644-a557-91df89435d0d","isMean":"0","value":"3"},"position":{"x":0,"y":0},"group":"edges","removed":false,"selected":false,"selectable":true,"locked":false,"grabbable":true,"pannable":true,"classes":"nolabel directed fixed"},{"data":{"source":"18c9d6a3-a4bf-4181-88f7-674d38fd306d","target":"91d607b9-1320-4799-a61b-8c3bf66ee2ae","id":"20b26563-ce25-434e-a7aa-b294571632d2","isMean":"0","value":"1"},"position":{"x":0,"y":0},"group":"edges","removed":false,"selected":false,"selectable":true,"locked":false,"grabbable":true,"pannable":true,"classes":"nolabel directed fixed"},{"data":{"source":"18c9d6a3-a4bf-4181-88f7-674d38fd306d","target":"da8c43b7-c525-4f5b-8582-d2d7b04169f9","id":"62a7ae54-77f6-4d4a-96d6-19ed723846e5","isMean":"0","value":"1"},"position":{"x":0,"y":0},"group":"edges","removed":false,"selected":false,"selectable":true,"locked":false,"grabbable":true,"pannable":true,"classes":"nolabel directed fixed"},{"data":{"source":"4dc68ea2-2387-45e7-90c2-210bd8b52252","target":"4dc68ea2-2387-45e7-90c2-210bd8b52252","est":"0.59","p_value":"0.00","se":"0.09","id":"e1aea636-5fe6-4611-84ec-12f7b3ab1aa5"},"position":{"x":0,"y":0},"group":"edges","removed":false,"selected":false,"selectable":true,"locked":false,"grabbable":true,"pannable":true,"classes":"loop fromLav hasEst free nolabel"},{"data":{"source":"19ea6a84-0257-4617-ac8e-7b087e08738d","target":"19ea6a84-0257-4617-ac8e-7b087e08738d","est":"0.67","p_value":"0.00","se":"0.06","id":"898274b3-151c-4ab7-b6a3-741966d7fb49"},"position":{"x":0,"y":0},"group":"edges","removed":false,"selected":false,"selectable":true,"locked":false,"grabbable":true,"pannable":true,"classes":"loop fromLav hasEst free nolabel"},{"data":{"source":"91d607b9-1320-4799-a61b-8c3bf66ee2ae","target":"91d607b9-1320-4799-a61b-8c3bf66ee2ae","est":"0.63","p_value":"0.00","se":"0.07","id":"aa4398e0-57c5-4807-af3e-7062223b253f"},"position":{"x":0,"y":0},"group":"edges","removed":false,"selected":false,"selectable":true,"locked":false,"grabbable":true,"pannable":true,"classes":"loop fromLav hasEst free nolabel"},{"data":{"source":"da8c43b7-c525-4f5b-8582-d2d7b04169f9","target":"da8c43b7-c525-4f5b-8582-d2d7b04169f9","est":"0.51","p_value":"0.00","se":"0.12","id":"4a458687-8d8b-43b2-8001-e8110f40c2a4"},"position":{"x":0,"y":0},"group":"edges","removed":false,"selected":false,"selectable":true,"locked":false,"grabbable":true,"pannable":true,"classes":"loop fromLav hasEst free nolabel"},{"data":{"source":"18c9d6a3-a4bf-4181-88f7-674d38fd306d","target":"18c9d6a3-a4bf-4181-88f7-674d38fd306d","est":"1.93","p_value":"0.00","se":"0.17","id":"950a1879-208f-4527-be25-ecdc3a60ad5e"},"position":{"x":0,"y":0},"group":"edges","removed":false,"selected":false,"selectable":true,"locked":false,"grabbable":true,"pannable":true,"classes":"loop fromLav hasEst free nolabel"},{"data":{"source":"867ebfc4-ab3e-46f4-9adc-11f190e2224e","target":"867ebfc4-ab3e-46f4-9adc-11f190e2224e","est":"0.59","p_value":"0.00","se":"0.05","id":"41c064f0-5cc9-4012-b6f1-9a916c93e0b4"},"position":{"x":0,"y":0},"group":"edges","removed":false,"selected":false,"selectable":true,"locked":false,"grabbable":true,"pannable":true,"classes":"loop fromLav hasEst free nolabel"},{"data":{"source":"867ebfc4-ab3e-46f4-9adc-11f190e2224e","target":"18c9d6a3-a4bf-4181-88f7-674d38fd306d","est":"0.62","p_value":"0.00","se":"0.07","id":"898b4ed1-cfb0-441b-8d91-a5c4ed3eea52"},"position":{"x":0,"y":0},"group":"edges","removed":false,"selected":false,"selectable":true,"locked":false,"grabbable":true,"pannable":true,"classes":"undirected fromLav hasEst free nolabel"}]},"style":[{"selector":"node","style":{"width":"80px","height":"80px","background-color":"rgb(255,255,255)","border-color":"rgb(128,128,128)","border-width":"2px","label":"data(label)","text-valign":"center","text-halign":"center"}},{"selector":"node.observed-variable","style":{"shape":"rectangle"}},{"selector":"node.latent-variable","style":{"shape":"ellipse","border-color":"rgb(0,0,0)"}},{"selector":"node.constant","style":{"shape":"triangle","label":"1","text-valign":"center","text-margin-y":"10px","border-color":"rgb(0,0,0)"}},{"selector":"node.linked","style":{"border-color":"rgb(0,0,0)"}},{"selector":"edge","style":{"width":"3px","line-color":"rgb(0,0,0)","target-arrow-color":"rgb(0,0,0)","source-arrow-color":"rgb(0,0,0)","target-arrow-shape":"triangle","curve-style":"bezier","text-valign":"center","text-halign":"center","text-wrap":"wrap","text-max-width":"80px","font-size":"14px","z-index":"10","color":"rgb(0,0,0)","text-outline-color":"rgb(255,255,255)","text-outline-width":"2px","text-background-color":"rgb(255,255,255)","text-background-opacity":"1","text-background-padding":"4px"}},{"selector":"edge.loop","style":{"curve-style":"bezier","loop-direction":"0rad","loop-sweep":"0.8rad","target-arrow-shape":"triangle","source-arrow-shape":"triangle","target-arrow-fill":"filled","source-arrow-fill":"filled","target-arrow-color":"rgb(0,0,0)","source-arrow-color":"rgb(0,0,0)","control-point-step-size":"60px"}},{"selector":"edge.undirected","style":{"curve-style":"unbundled-bezier","control-point-distances":"-100px","control-point-weights":"0.5","target-arrow-shape":"triangle","source-arrow-shape":"triangle"}},{"selector":"edge.label, edge.label","style":{"label":"fn"}},{"selector":"edge.fixed.label","style":{"label":"fn"}},{"selector":"edge.fixed.nolabel","style":{"label":"fn"}},{"selector":"edge.hasEst","style":{"label":"fn"}},{"selector":"edge.hasEst.label","style":{"label":"fn"}},{"selector":"edge.forcefree","style":{"line-color":"rgb(0,0,255)"}},{"selector":"edge.fromLav, edge.byLav","style":{"line-style":"dashed"}},{"selector":"edge:selected","style":{"line-color":"rgb(255,0,0)","target-arrow-color":"rgb(255,0,0)","source-arrow-color":"rgb(255,0,0)"}},{"selector":"node:selected","style":{"border-color":"rgb(255,0,0)"}}],"data":{},"zoomingEnabled":true,"userZoomingEnabled":true,"zoom":0.8016672474530748,"minZoom":1e-50,"maxZoom":1e+50,"panningEnabled":true,"userPanningEnabled":true,"pan":{"x":458.6544627112035,"y":-4.0031888041052905},"boxSelectionEnabled":true,"renderer":{"name":"null"}}
